category,text
work,finish assignment 2
work,meeting with the boss
personal,visit the dentist for a check-up
work,study for organic chemistry final
personal,grocery shopping
personal,lunch with grandma
work,do practice problems
work,leetcode
personal,cook dinner
personal,go for a walk
work,prepare the presentation for the new product
work,fix the bug on the website
personal,plan the weekend trip
personal,read a book
work,review the budget report
work,attend project meeting
personal,watch a movie
work,write the code for the new feature
personal,call mom
work,send the email to the client
personal,visit a friend
work,prepare for the quarterly review
personal,go to the gym
work,complete the market research
work,update the team on progress
personal,clean the house
personal,visit the park
work,analyze sales data
work,review the contract terms
personal,play a video game
work,create a marketing strategy
personal,attend yoga class
personal,bake cookies
work,design the new website layout
work,prepare for the interview
personal,go to a concert
work,write a blog post for the company
personal,plan a surprise for a friend
work,test the new software
personal,shop for clothes
work,review team performance
personal,organize the photo album
work,train the new employees
personal,go hiking
work,plan the monthly meeting agenda
work,fix security issues in the code
personal,attend a cooking class
work,prepare the financial report
work,write the proposal for the client
personal,meditate in the morning
work,conduct the product demo
personal,start a new hobby
work,update the company handbook
personal,decorate the living room
work,review the competitors' products
personal,buy a birthday gift
work,write the technical documentation
work,attend a webinar on leadership
personal,go for a bike ride
work,plan the next product launch
personal,attend a family gathering
work,prepare the presentation slides
personal,do a puzzle
work,send follow-up emails to the team
personal,visit a museum
work,review the project timeline
work,analyze user feedback
personal,plan a home renovation
personal,make a scrapbook
work,conduct a training session
personal,start a new book
work,prepare the annual budget
work,develop a new app feature
personal,visit the farmer's market
personal,take a nap
work,write the annual report
work,organize the client database
personal,learn a new recipe
work,meet with the project stakeholders
personal,watch a documentary
work,create a content calendar
personal,visit the aquarium
work,finish the marketing plan
personal,go to the beach
work,review the company's KPIs
personal,start a garden
work,plan the office relocation
personal,do yoga
work,design the new product packaging
personal,learn to play guitar
work,conduct the performance reviews
personal,organize a dinner party
work,prepare the client invoices
personal,go swimming
work,create a new sales pitch
personal,do a photography session
work,update the project management software
personal,go to a comedy show
work,write the customer feedback report
personal,organize a charity event
work,review the company's social media strategy
personal,start a blog
work,develop a new customer survey
personal,make a vision board
work,plan the next team-building event
personal,go to a wine tasting
work,create the quarterly performance review
personal,attend a pottery class
work,analyze the new market trends
personal,visit the art gallery
work,write the next product update
personal,go to a sports game
work,plan the year-end review
personal,start a journal
work,review the team's project outcomes
work,update the project roadmap
personal,visit the zoo
work,conduct market analysis
personal,try a new restaurant
work,write meeting minutes
personal,attend a music festival
work,collaborate with the design team
personal,learn a new language
work,analyze project risks
personal,go for a scenic drive
work,review vendor proposals
personal,watch the sunset
work,manage team assignments
personal,visit a botanical garden
work,prepare project documentation
personal,explore a new hobby
work,hold a brainstorming session
personal,write a letter to a friend
work,review software development process
personal,have a picnic in the park
work,create a training manual
personal,attend a cultural event
work,prepare a team performance review
personal,visit a historical site
work,conduct user testing
personal,plan a weekend getaway
work,create a project update report
personal,attend a dance class
work,review marketing strategies
personal,do some gardening
work,prepare for a client meeting
personal,visit a local brewery
work,conduct a project kick-off meeting
personal,plan a family game night
work,write a press release
personal,attend a fitness boot camp
work,analyze financial projections
personal,try a new fitness class
work,prepare a status report
personal,visit a local coffee shop
work,create a risk management plan
personal,go to a farmer's market
work,prepare the annual review presentation
personal,watch a theater performance
work,write an article for the company newsletter
personal,go for a nature walk
work,conduct a competitive analysis
personal,plan a weekend project
work,develop a new training program
personal,explore a nearby city
work,review IT infrastructure
personal,join a book club
work,attend a project debrief
personal,visit the library
work,create a new project template
personal,have a spa day
work,prepare for a board meeting
personal,watch a cooking show
work,revise company policies
personal,go to a yoga retreat
work,update employee training materials
personal,visit an escape room
work,develop an internal newsletter
personal,try a new sport
work,plan the office holiday party
personal,attend a charity fundraiser
work,conduct a project retrospective
personal,visit a national park
work,review business development strategies
personal,plan a staycation
work,create a product roadmap
personal,go for a scenic hike
work,prepare a technology adoption plan
personal,visit an art installation
work,conduct team-building exercises
personal,learn about a new culture
work,develop an onboarding process
personal,join a community group
work,write a business proposal
personal,go to an outdoor concert
work,analyze project deliverables
personal,volunteer for a local charity
work,review client feedback
personal,attend a health workshop
work,update the employee directory
personal,plan a family reunion
work,create a database for client contacts
personal,watch a classic movie
work,review sales forecasts
personal,go to a local festival
work,create a performance improvement plan
personal,explore local trails
work,conduct a SWOT analysis
personal,join a fitness challenge
work,prepare a project closure report
personal,visit a nearby beach